kreditor;saldo;rente;min_betaling;forfall;dokumentasjon;oppdatert;kilde;status
Netto samlingsgjeld A;38000;26.0;900;;;;papir/gmail;åpen
Netto samlingsgjeld B;61000;26.0;1400;;;;papir/gmail;åpen
Netto samlingsgjeld C;24000;26.0;600;;;;papir/gmail;åpen
Smålån 2;11200;25.0;300;;;;papir/gmail;åpen
Smålån 1;15500;24.0;400;;;;papir/gmail;åpen
Smålån 3;8400;24.0;250;;;;papir/gmail;åpen
Smålån 4;6800;23.0;200;;;;papir/gmail;åpen
Smålån 5;5100;22.0;150;;;;papir/gmail;åpen
Smålån 6;3900;21.0;120;;;;papir/gmail;åpen
Kredittkort 1;96000;20.0;2200;;;;papir/gmail;åpen
Kredittkort 4;18500;20.0;450;;;;papir/gmail;åpen
Kredittkort 2;74000;19.5;1700;;;;papir/gmail;åpen
Kredittkort 3;52000;18.0;1200;;;;papir/gmail;åpen
Forbrukslån 1;132000;14.0;2600;;;;papir/gmail;åpen
Forbrukslån 4;27500;13.5;650;;;;papir/gmail;åpen
Forbrukslån 2;86000;12.5;1800;;;;papir/gmail;åpen
Butikkkreditt møbel;64000;12.0;1400;;;;papir/gmail;åpen
Forbrukslån 3;41000;11.0;900;;;;papir/gmail;åpen
Butikkkreditt bil;35000;11.0;800;;;;papir/gmail;åpen
Bil MC-finansiering;198000;7.0;3400;;;;papir/gmail;åpen
Husholdningslån;70000;6.0;1500;;;;papir/gmail;åpen
Lånekasse studielån;211000;1.7;1200;;;;papir/gmail;åpen
